[
  {
    "recognitionModel": "recognition_01",
    "faceRectangle": {
      "width": 206,
      "height": 278,
      "left": 220,
      "top": 291
    },
    "faceLandmarks": {
      "pupilLeft": {
        "x": 281,
        "y": 391.5
      },
      "pupilRight": {
        "x": 370.1,
        "y": 391.9
      },
      "noseTip": {
        "x": 324.5,
        "y": 425.3
      },
      "mouthLeft": {
        "x": 283,
        "y": 486.5
      },
      "mouthRight": {
        "x": 361,
        "y": 488.2
      },
      "eyebrowLeftOuter": {
        "x": 256.3,
        "y": 366.3
      },
      "eyebrowLeftInner": {
        "x": 301.4,
        "y": 361.7
      },
      "eyeLeftOuter": {
        "x": 264.2,
        "y": 393.2
      },
      "eyeLeftTop": {
        "x": 283.1,
        "y": 386.4
      },
      "eyeLeftBottom": {
        "x": 279,
        "y": 394.7
      },
      "eyeLeftInner": {
        "x": 297.6,
        "y": 391.9
      },
      "eyebrowRightInner": {
        "x": 347.8,
        "y": 363.4
      },
      "eyebrowRightOuter": {
        "x": 397.8,
        "y": 374.8
      },
      "eyeRightInner": {
        "x": 354,
        "y": 392.4
      },
      "eyeRightTop": {
        "x": 368.5,
        "y": 385.8
      },
      "eyeRightBottom": {
        "x": 371.2,
        "y": 395.3
      },
      "eyeRightOuter": {
        "x": 386.7,
        "y": 394
      },
      "noseRootLeft": {
        "x": 311.2,
        "y": 392
      },
      "noseRootRight": {
        "x": 338.4,
        "y": 390.2
      },
      "noseLeftAlarTop": {
        "x": 302.8,
        "y": 421.5
      },
      "noseRightAlarTop": {
        "x": 346,
        "y": 420.8
      },
      "noseLeftAlarOutTip": {
        "x": 295,
        "y": 440.7
      },
      "noseRightAlarOutTip": {
        "x": 353.2,
        "y": 442.5
      },
      "upperLipTop": {
        "x": 325.4,
        "y": 475.8
      },
      "upperLipBottom": {
        "x": 322.7,
        "y": 482.5
      },
      "underLipTop": {
        "x": 322.1,
        "y": 487.5
      },
      "underLipBottom": {
        "x": 322.4,
        "y": 496.8
      }
    },
    "faceAttributes": {
      "mask": {
        "type": "noMask",
        "noseAndMouthCovered": false
      }
    }
  },
  {
    "recognitionModel": "recognition_01",
    "faceRectangle": {
      "width": 139,
      "height": 182,
      "left": 756,
      "top": 124
    },
    "faceLandmarks": {
      "pupilLeft": {
        "x": 787.2,
        "y": 197.9
      },
      "pupilRight": {
        "x": 851,
        "y": 201.9
      },
      "noseTip": {
        "x": 812.9,
        "y": 237.3
      },
      "mouthLeft": {
        "x": 792.6,
        "y": 261.4
      },
      "mouthRight": {
        "x": 842.3,
        "y": 262.4
      },
      "eyebrowLeftOuter": {
        "x": 770,
        "y": 180.1
      },
      "eyebrowLeftInner": {
        "x": 801.5,
        "y": 185.6
      },
      "eyeLeftOuter": {
        "x": 776.2,
        "y": 196.3
      },
      "eyeLeftTop": {
        "x": 788.5,
        "y": 194
      },
      "eyeLeftBottom": {
        "x": 785.4,
        "y": 201.5
      },
      "eyeLeftInner": {
        "x": 798.7,
        "y": 199.6
      },
      "eyebrowRightInner": {
        "x": 832.9,
        "y": 188.7
      },
      "eyebrowRightOuter": {
        "x": 873.4,
        "y": 189.6
      },
      "eyeRightInner": {
        "x": 839.4,
        "y": 202.4
      },
      "eyeRightTop": {
        "x": 849.6,
        "y": 197.4
      },
      "eyeRightBottom": {
        "x": 851.5,
        "y": 205.8
      },
      "eyeRightOuter": {
        "x": 863.7,
        "y": 201.7
      },
      "noseRootLeft": {
        "x": 807.8,
        "y": 204.6
      },
      "noseRootRight": {
        "x": 825.7,
        "y": 206
      },
      "noseLeftAlarTop": {
        "x": 801.7,
        "y": 225.6
      },
      "noseRightAlarTop": {
        "x": 829.5,
        "y": 226.9
      },
      "noseLeftAlarOutTip": {
        "x": 796.6,
        "y": 236.5
      },
      "noseRightAlarOutTip": {
        "x": 834.9,
        "y": 238.9
      },
      "upperLipTop": {
        "x": 816.6,
        "y": 260
      },
      "upperLipBottom": {
        "x": 815.5,
        "y": 264
      },
      "underLipTop": {
        "x": 815.4,
        "y": 270
      },
      "underLipBottom": {
        "x": 815.6,
        "y": 277.4
      }
    },
    "faceAttributes": {
      "mask": {
        "type": "noMask",
        "noseAndMouthCovered": false
      }
    }
  },
  {
    "recognitionModel": "recognition_01",
    "faceRectangle": {
      "width": 120,
      "height": 166,
      "left": 757,
      "top": 414
    },
    "faceLandmarks": {
      "pupilLeft": {
        "x": 785,
        "y": 480.5
      },
      "pupilRight": {
        "x": 837.4,
        "y": 477.8
      },
      "noseTip": {
        "x": 807.3,
        "y": 502.4
      },
      "mouthLeft": {
        "x": 791.8,
        "y": 534.7
      },
      "mouthRight": {
        "x": 832.7,
        "y": 532.3
      },
      "eyebrowLeftOuter": {
        "x": 770,
        "y": 465.5
      },
      "eyebrowLeftInner": {
        "x": 794.9,
        "y": 463.1
      },
      "eyeLeftOuter": {
        "x": 775.9,
        "y": 481.5
      },
      "eyeLeftTop": {
        "x": 785.9,
        "y": 478.4
      },
      "eyeLeftBottom": {
        "x": 783.9,
        "y": 482.2
      },
      "eyeLeftInner": {
        "x": 794.3,
        "y": 480.1
      },
      "eyebrowRightInner": {
        "x": 822,
        "y": 462.6
      },
      "eyebrowRightOuter": {
        "x": 854.9,
        "y": 465.6
      },
      "eyeRightInner": {
        "x": 828.1,
        "y": 478.4
      },
      "eyeRightTop": {
        "x": 836.1,
        "y": 475.3
      },
      "eyeRightBottom": {
        "x": 837.9,
        "y": 479.4
      },
      "eyeRightOuter": {
        "x": 847.5,
        "y": 478.1
      },
      "noseRootLeft": {
        "x": 801.9,
        "y": 480.3
      },
      "noseRootRight": {
        "x": 816.8,
        "y": 478.9
      },
      "noseLeftAlarTop": {
        "x": 797.8,
        "y": 498.4
      },
      "noseRightAlarTop": {
        "x": 821.3,
        "y": 496.6
      },
      "noseLeftAlarOutTip": {
        "x": 794.3,
        "y": 509.4
      },
      "noseRightAlarOutTip": {
        "x": 826.6,
        "y": 508.4
      },
      "upperLipTop": {
        "x": 811.8,
        "y": 528.6
      },
      "upperLipBottom": {
        "x": 811,
        "y": 531.9
      },
      "underLipTop": {
        "x": 810.8,
        "y": 532.5
      },
      "underLipBottom": {
        "x": 811.3,
        "y": 537.1
      }
    },
    "faceAttributes": {
      "mask": {
        "type": "noMask",
        "noseAndMouthCovered": false
      }
    }
  },
  {
    "recognitionModel": "recognition_01",
    "faceRectangle": {
      "width": 33,
      "height": 48,
      "left": 963,
      "top": 617
    },
    "faceLandmarks": {
      "pupilLeft": {
        "x": 970.7,
        "y": 637.2
      },
      "pupilRight": {
        "x": 987.1,
        "y": 636.9
      },
      "noseTip": {
        "x": 978.7,
        "y": 646.6
      },
      "mouthLeft": {
        "x": 973,
        "y": 653.8
      },
      "mouthRight": {
        "x": 985.9,
        "y": 653.2
      },
      "eyebrowLeftOuter": {
        "x": 966,
        "y": 633.1
      },
      "eyebrowLeftInner": {
        "x": 974.5,
        "y": 633.4
      },
      "eyeLeftOuter": {
        "x": 967.7,
        "y": 637.1
      },
      "eyeLeftTop": {
        "x": 971,
        "y": 636.4
      },
      "eyeLeftBottom": {
        "x": 970.3,
        "y": 638
      },
      "eyeLeftInner": {
        "x": 973.7,
        "y": 637.3
      },
      "eyebrowRightInner": {
        "x": 982.4,
        "y": 633.5
      },
      "eyebrowRightOuter": {
        "x": 992.3,
        "y": 633.4
      },
      "eyeRightInner": {
        "x": 984.1,
        "y": 637.1
      },
      "eyeRightTop": {
        "x": 986.7,
        "y": 636
      },
      "eyeRightBottom": {
        "x": 987.2,
        "y": 637.6
      },
      "eyeRightOuter": {
        "x": 990.1,
        "y": 636.7
      },
      "noseRootLeft": {
        "x": 976.3,
        "y": 638.2
      },
      "noseRootRight": {
        "x": 981,
        "y": 638.2
      },
      "noseLeftAlarTop": {
        "x": 975.1,
        "y": 643.9
      },
      "noseRightAlarTop": {
        "x": 982.5,
        "y": 643.6
      },
      "noseLeftAlarOutTip": {
        "x": 973.9,
        "y": 647
      },
      "noseRightAlarOutTip": {
        "x": 984,
        "y": 646.8
      },
      "upperLipTop": {
        "x": 979.7,
        "y": 653.1
      },
      "upperLipBottom": {
        "x": 979.4,
        "y": 654
      },
      "underLipTop": {
        "x": 979.3,
        "y": 654.6
      },
      "underLipBottom": {
        "x": 979.5,
        "y": 656.2
      }
    },
    "faceAttributes": {
      "mask": {
        "type": "noMask",
        "noseAndMouthCovered": false
      }
    }
  }
]